,Feature Name,Alpha =0.1 Beta =52
0,GLD-high-average,0.0
1,GLD-high-max,0.5044389584747022
2,GLD-close-average,0.38725238266804896
3,^IRX-close-average,-0.0
4,MAD Train,0.255686145107586
5,MAD Valid,0.1964120410475583
6,MAD Test,0.2716570201595327
