,Feature Name,Alpha =0.1 Beta =52
0,GLD-high-average,0.0
1,GLD-high-max,0.5044389584747008
2,GLD-close-average,0.3872523826680507
3,^IRX-close-average,-0.0
4,MAD Train,0.255686145107586
5,MAD Valid,0.19641204104755816
6,MAD Test,0.2716570201595326
