,Feature Name,Alpha =0.1,MAD Train,MAD Valid,MAD Test
0,GLD-high-average,0.0,0.34093390708879495,0.34116365153627254,0.320109111544533
1,GLD-high-max,0.013647296950365491,0.34093390708879495,0.34116365153627254,0.320109111544533
2,GLD-close-average,0.8610392708520626,0.34093390708879495,0.34116365153627254,0.320109111544533
3,^IRX-close-average,-0.027471545908983264,0.34093390708879495,0.34116365153627254,0.320109111544533
