,Feature Name,Alpha =0.1 Beta =26
0,GLD-high-average,0.0
1,GLD-high-max,0.013647296950365491
2,GLD-close-average,0.8610392708520626
3,^IRX-close-average,-0.027471545908983264
4,MAD Train,0.34093390708879495
5,MAD Valid,0.34116365153627254
6,MAD Test,0.320109111544533
