,Feature Name,Alpha =0.1
0,JNJ-high-average,0.0
1,JNJ-high-max,0.0
2,JNJ-close-average,0.8468920343843124
MAD Train: 0.32570706077236905
MAD Valid: 0.37104640694400004
MAD Test: 0.31966453417105256