,Feature Name,Alpha =0.1,MAD Train,MAD Valid,MAD Test
0,GLD-high-average,0.0,0.4793342313901046,0.5660295914953509,0.556823739875258
1,GLD-high-max,0.06042981546728712,0.4793342313901046,0.5660295914953509,0.556823739875258
2,GLD-close-average,0.7376580760934487,0.4793342313901046,0.5660295914953509,0.556823739875258
3,^IRX-close-average,-0.0,0.4793342313901046,0.5660295914953509,0.556823739875258
