,Feature Name,Alpha =0.1,MAD Train,MAD Valid,MAD Test
0,GLD-high-average,0.0,0.7013794078200157,0.6622944010223376,0.6312875276533086
1,GLD-high-max,0.15458264759725263,0.7013794078200157,0.6622944010223376,0.6312875276533086
2,GLD-close-average,0.27990032986652413,0.7013794078200157,0.6622944010223376,0.6312875276533086
3,^IRX-close-average,-0.11555325167680465,0.7013794078200157,0.6622944010223376,0.6312875276533086
