,Feature Name,Alpha =0.1
0,JNJ-high-average,0.0
1,JNJ-high-max,0.0
2,JNJ-close-average,0.4916813956585667
MAD Train: 0.6401546846098461
MAD Valid: 0.5869730467728418
MAD Test: 0.6533087804241764