,Feature Name,Alpha =0.1
0,high-average,0.9868533234981931
1,high-average,1.002003274049925e-16
MAD Train: 1.4363618381774792
MAD Valid: 1.8595452016555127
MAD Test: 2.1600896997167887