,Beta / Alpha,Lasso Profit,Control Profit
0,0.1_alpha4_beta,73.44999999999891,605.4000000000001
1,0.1_alpha6_beta,87.53999999999883,605.4000000000001
