,Beta / Alpha,Lasso Profit,Control Profit
0,0.1_alpha4_beta,457.6200000000006,-53.48000000000002
1,0.1_alpha6_beta,310.4800000000007,-53.48000000000002
