,Beta / Alpha,Lasso Profit,Control Profit
0,0.1_alpha4_beta,-17.979999999999222,-87.65999999999997
1,0.1_alpha6_beta,4.679999999999723,-87.65999999999997
