,Beta / Alpha,Lasso Profit,Control Profit
0,0.1_alpha6_beta,71.61000000000058,62.6400000000001
1,0.2_alpha4_beta,33.20000000000027,62.6400000000001
