,Beta / Alpha,Lasso Profit,Control Profit
0,0.1_alpha4_beta,149.24000000000046,346.5
1,0.3_alpha6_beta,134.66000000000054,346.5
