,Beta / Alpha,Lasso Profit,Control Profit
0,0.2_alpha4_beta,294.6800000000012,99.96000000000004
