,Beta / Alpha,Lasso Profit,Control Profit
0,0.1_alpha4_beta,171.51999999999975,230.1199999999999
1,0.1_alpha6_beta,218.7100000000005,230.1199999999999
