,Beta / Alpha,Elastic Profit,Lasso Profit,Control Profit
0,0.1_alpha4_beta,78.19999999999891,N/A,833.5799999999999
1,0.3_alpha13_beta,-3.7200000000002547,N/A,833.5799999999999
2,0.3_alpha4_beta,80.11999999999898,107.75999999999931,833.5799999999999
3,0.3_alpha8_beta,58.77999999999929,131.30999999999904,833.5799999999999
