,Beta / Alpha,Lasso Profit,Control Profit
0,0.1_alpha12_beta,48.40999999999917,529.0
1,0.1_alpha20_beta,-73.6700000000003,529.0
2,0.1_alpha4_beta,79.49999999999841,529.0
3,0.1_alpha6_beta,87.53999999999883,529.0
4,0.1_alpha8_beta,75.8199999999988,529.0
