,Beta / Alpha,Lasso Profit,Control Profit
0,0.1_alpha4_beta,165.4399999999996,251.6999999999996
1,0.1_alpha6_beta,13.899999999999977,251.6999999999996
