,Beta / Alpha,Lasso Profit,Control Profit
0,0.1_alpha20_beta,80.84999999999991,257.9000000000001
1,0.1_alpha4_beta,149.42000000000007,257.9000000000001
2,0.1_alpha8_beta,11.620000000000005,257.9000000000001
3,0.2_alpha12_beta,26.419999999999618,257.9000000000001
4,0.2_alpha6_beta,62.68999999999937,257.9000000000001
