,Beta / Alpha,Elastic Profit,Lasso Profit,Control Profit
0,0.2_alpha4_beta,149.42000000000007,N/A,320.20000000000005
1,0.3_alpha4_beta,149.42000000000007,149.42000000000007,320.20000000000005
2,0.3_alpha8_beta,29.049999999999955,110.54999999999995,320.20000000000005
3,0.5_alpha13_beta,228.23000000000025,N/A,320.20000000000005
