,Beta / Alpha,Elastic Profit,Lasso Profit,Control Profit
0,0.2_alpha4_beta,373.9100000000001,N/A,-7.6200000000000045
1,0.3_alpha4_beta,410.30999999999995,410.30999999999995,-7.6200000000000045
2,0.3_alpha8_beta,590.98,622.2099999999994,-7.6200000000000045
