,Beta / Alpha,Lasso Profit,Control Profit
0,0.15_alpha12_beta,543.4599999999994,-52.41999999999996
1,0.1_alpha20_beta,293.2499999999993,-52.41999999999996
2,0.1_alpha4_beta,122.66000000000031,-52.41999999999996
3,0.1_alpha8_beta,118.6899999999996,-52.41999999999996
4,0.2_alpha6_beta,305.52000000000044,-52.41999999999996
