,Beta / Alpha,Lasso Profit,Control Profit
0,0.05_alpha4_beta,-67.37,-38.10000000000002
1,0.15_alpha8_beta,75.1099999999999,-38.10000000000002
2,0.1_alpha20_beta,22.689999999999372,-38.10000000000002
3,0.1_alpha6_beta,4.350000000000023,-38.10000000000002
4,0.2_alpha12_beta,18.08000000000004,-38.10000000000002
