,Beta / Alpha,Elastic Profit,Lasso Profit,Control Profit
0,0.1_alpha4_beta,-17.979999999999222,N/A,-20.58000000000004
1,0.3_alpha4_beta,-17.979999999999222,-17.979999999999222,-20.58000000000004
2,0.3_alpha8_beta,-32.73000000000002,109.42000000000007,-20.58000000000004
