,Beta / Alpha,Lasso Profit,Control Profit
0,0.2_alpha4_beta,66.16000000000008,73.26000000000022
1,0.3_alpha6_beta,25.59999999999991,73.26000000000022
