,Beta / Alpha,Elastic Profit,Lasso Profit,Control Profit
0,0.3_alpha4_beta,N/A,69.04000000000042,170.6400000000001
1,0.3_alpha8_beta,149.55000000000086,78.77000000000021,170.6400000000001
2,0.4_alpha4_beta,52.3100000000004,N/A,170.6400000000001
