,Beta / Alpha,Lasso Profit,Control Profit
0,0.05_alpha12_beta,50.55000000000177,90.8599999999999
1,0.05_alpha20_beta,-2.1199999999989814,90.8599999999999
2,0.05_alpha6_beta,-22.879999999999995,90.8599999999999
3,0.25_alpha4_beta,-85.39999999999998,90.8599999999999
4,0.2_alpha8_beta,90.63000000000102,90.8599999999999
