,Beta / Alpha,Elastic Profit,Lasso Profit,Control Profit
0,0.2_alpha4_beta,63.58000000000038,N/A,49.680000000000064
1,0.3_alpha4_beta,63.58000000000038,55.72000000000003,49.680000000000064
2,0.3_alpha8_beta,152.62000000000035,186.65000000000055,49.680000000000064
