,Beta / Alpha,Elastic Profit,Lasso Profit,Control Profit
0,0.1_alpha4_beta,217.57000000000107,N/A,383.1300000000001
1,0.3_alpha4_beta,175.11000000000104,232.37000000000103,383.1300000000001
2,0.3_alpha8_beta,67.91000000000076,95.39000000000055,383.1300000000001
