,Beta / Alpha,Lasso Profit,Control Profit
0,0.05_alpha12_beta,102.49000000000115,467.4000000000001
1,0.05_alpha20_beta,101.3400000000006,467.4000000000001
2,0.05_alpha4_beta,188.91999999999962,467.4000000000001
3,0.2_alpha8_beta,235.37000000000035,467.4000000000001
4,0.35_alpha6_beta,249.83000000000038,467.4000000000001
