,Beta / Alpha,Lasso Profit,Control Profit
0,0.1_alpha12_beta,-216.05999999999995,4.919999999999959
1,0.1_alpha20_beta,-92.28000000000031,4.919999999999959
2,0.1_alpha4_beta,-36.05999999999972,4.919999999999959
3,0.2_alpha8_beta,-317.53999999999974,4.919999999999959
4,0.3_alpha6_beta,-110.96999999999957,4.919999999999959
