,Beta / Alpha,Lasso Profit,Control Profit
0,0.1_alpha4_beta,36.279999999998836,-99.36000000000013
