,Beta / Alpha,Lasso Profit,Control Profit
0,0.3_alpha4_beta,287.1699999999996,350.9000000000001
