,Beta / Alpha,Elastic Profit,Lasso Profit,Control Profit
0,0.3_alpha4_beta,271.4200000000001,251.32999999999947,244.85999999999945
1,0.3_alpha8_beta,205.98000000000025,264.10999999999945,244.85999999999945
