,Beta / Alpha,Lasso Profit,Control Profit
0,0.05_alpha20_beta,157.4299999999996,260.5899999999999
1,0.05_alpha8_beta,120.0900000000006,260.5899999999999
2,0.15_alpha4_beta,485.04000000000065,260.5899999999999
3,0.15_alpha6_beta,213.91999999999962,260.5899999999999
4,0.1_alpha12_beta,247.26999999999953,260.5899999999999
