,Beta / Alpha,Lasso Profit,Control Profit
0,0.2_alpha4_beta,-33.539999999999736,-242.24
1,0.3_alpha6_beta,-86.02999999999997,-242.24
