,Beta / Alpha,Lasso Profit,Control Profit
0,0.05_alpha12_beta,-106.43999999999971,-89.12
1,0.15_alpha4_beta,-71.22000000000003,-89.12
2,0.15_alpha8_beta,-106.66999999999973,-89.12
3,0.1_alpha20_beta,26.4399999999996,-89.12
4,0.3_alpha6_beta,-127.15999999999985,-89.12
