,Beta / Alpha,Lasso Profit,Control Profit
0,0.1_alpha12_beta,-1.1799999999997226,-89.12
1,0.1_alpha20_beta,34.14000000000124,-89.12
2,0.1_alpha8_beta,-117.36999999999944,-89.12
3,0.2_alpha4_beta,-33.539999999999736,-89.12
4,0.3_alpha6_beta,-86.02999999999997,-89.12
