,Beta / Alpha,Lasso Profit,Control Profit
0,0.1_alpha12_beta,-14.129999999999654,-140.63999999999987
1,0.1_alpha20_beta,-24.929999999999268,-140.63999999999987
2,0.1_alpha6_beta,-118.47999999999968,-140.63999999999987
3,0.2_alpha8_beta,17.96000000000072,-140.63999999999987
4,0.3_alpha4_beta,-81.22000000000003,-140.63999999999987
