,Beta / Alpha,Elastic Profit,Lasso Profit,Control Profit
0,0.3_alpha4_beta,N/A,-102.04999999999995,-80.63999999999999
1,0.3_alpha8_beta,-61.73999999999967,102.96999999999935,-80.63999999999999
2,0.4_alpha4_beta,-79.43000000000029,N/A,-80.63999999999999
